{
  "id": "http:\/\/wso2jsonschema.org",
  "title": "root",
  "$schema": "http:\/\/wso2.org\/json-schema\/wso2-data-mapper-v5.0.0\/schema#",
  "properties": {
    "queueId": {
      "id": "http:\/\/wso2jsonschema.org\/queueId",
      "type": "number"
    },
    "queueName": {
      "id": "http:\/\/wso2jsonschema.org\/queueName",
      "type": "string"
    },
    "messageAttributeNames": {
      "id": "http:\/\/wso2jsonschema.org\/messageAttributeNames",
      "type": "string",
      "nullable": "true"
    },
    "visibilityTimeout": {
      "id": "http:\/\/wso2jsonschema.org\/visibilityTimeout",
      "type": "number",
      "nullable": "true"
    },
    "waitTimeSeconds": {
      "id": "http:\/\/wso2jsonschema.org\/waitTimeSeconds",
      "type": "number",
      "nullable": "true"
    },
    "maxNumberOfMessages": {
      "id": "http:\/\/wso2jsonschema.org\/maxNumberOfMessages",
      "type": "number",
      "nullable": "true"
    },
    "attributes": {
      "id": "http:\/\/wso2jsonschema.org\/attributes",
      "type": "string",
      "nullable": "true"
    }
  },
  "type": "object"
}