<?xml version="1.0" encoding="UTF-8"?>
<!--
 ~  Copyright (c) 2016, WSO2 Inc. (http://www.wso2.org) All Rights Reserved.
 ~
 ~  WSO2 Inc. licenses this file to you under the Apache License,
 ~  Version 2.0 (the "License"); you may not use this file except
 ~  in compliance with the License.
 ~  You may obtain a copy of the License at
 ~
 ~    http://www.apache.org/licenses/LICENSE-2.0
 ~
 ~  Unless required by applicable law or agreed to in writing,
 ~  software distributed under the License is distributed on an
 ~  "AS IS" BASIS, WITHOUT WARRANTIES OR CONDITIONS OF ANY
 ~  KIND, either express or implied.  See the License for the
 ~  specific language governing permissions and limitations
 ~  under the License.
-->
<component name="amazonSQS-queue" type="synapse/template">
    <subComponents>
        <component name="createQueue">
            <file>createQueue.xml</file>
            <description>Creates a new queue, or returns the URL of an existing one</description>
        </component>
        <component name="getQueueAttributes">
            <file>getQueueAttributes.xml</file>
            <description>Gets attributes for the specified queue</description>
        </component>
        <component name="setQueueAttributes">
            <file>setQueueAttributes.xml</file>
            <description>Sets the value of one or more queue attributes</description>
        </component>
        <component name="getQueueUrl">
            <file>getQueueUrl.xml</file>
            <description>Returns the URL of an existing queue</description>
        </component>
        <component name="listQueues">
            <file>listQueues.xml</file>
            <description>Returns a list of queues</description>
        </component>
        <component name="deleteQueue">
            <file>deleteQueue.xml</file>
            <description>Deletes the queue specified by the queue URL</description>
        </component>
        <component name="purgeQueue">
            <file>purgeQueue.xml</file>
            <description> Deletes the messages in a queue specified by the queue URL</description>
        </component>
        <component name="listDeadLetterSourceQueues">
            <file>listDeadLetterSourceQueues.xml</file>
            <description>Returns a list of your queues that have the RedrivePolicy queue attribute</description>
        </component>
    </subComponents>
</component>