<?xml version="1.0" encoding="UTF-8"?>
<!--
 ~  Copyright (c) 2016, WSO2 Inc. (http://www.wso2.org) All Rights Reserved.
 ~
 ~  WSO2 Inc. licenses this file to you under the Apache License,
 ~  Version 2.0 (the "License"); you may not use this file except
 ~  in compliance with the License.
 ~  You may obtain a copy of the License at
 ~
 ~    http://www.apache.org/licenses/LICENSE-2.0
 ~
 ~  Unless required by applicable law or agreed to in writing,
 ~  software distributed under the License is distributed on an
 ~  "AS IS" BASIS, WITHOUT WARRANTIES OR CONDITIONS OF ANY
 ~  KIND, either express or implied.  See the License for the
 ~  specific language governing permissions and limitations
 ~  under the License.
-->
<component name="amazonSQS-message" type="synapse/template">
    <subComponents>
        <component name="sendMessage">
            <file>sendMessage.xml</file>
            <description>Delivers a message to the specified queue</description>
        </component>
        <component name="sendMessageBatch">
            <file>sendMessageBatch.xml</file>
            <description>Delivers batch messages to the specified queue</description>
        </component>
        <component name="receiveMessage">
            <file>receiveMessage.xml</file>
            <description>Retrieves one or more messages from the specified queue</description>
        </component>
        <component name="changeMessageVisibility">
            <file>changeMessageVisibility.xml</file>
            <description>Changes the visibility timeout of a specified message in a queue</description>
        </component>
        <component name="changeMessageVisibilityBatch">
            <file>changeMessageVisibilityBatch.xml</file>
            <description>Changes the visibility timeout of multiple messages</description>
        </component>
        <component name="deleteMessage">
            <file>deleteMessage.xml</file>
            <description>Deletes the specified message from the specified queue</description>
        </component>
        <component name="deleteMessageBatch">
            <file>deleteMessageBatch.xml</file>
            <description>Deletes multiple messages from the specified queue</description>
        </component>
    </subComponents>
</component>